Area_territoriale,Regione,Prov,Comune_ISTAT,Comune_cat,Sez,Comune_amm,Comune_descrizione,Fascia,Zona,LinkZona,Cod_Tip,Descr_Tipologia,Stato,Stato_prev,Compr_min,Compr_max,Sup_NL_compr
NORD-OVEST,LOMBARDIA,MI,3015146,C1AA, ,F205,MILANO,B,B12,MI00003228,20,Abitazioni civili,NORMALE,P,8700,10900,L
NORD-OVEST,LOMBARDIA,MI,3015146,C1AA, ,F205,MILANO,B,B12,MI00003228,20,Abitazioni civili,OTTIMO, ,11000,15300,L
NORD-OVEST,LOMBARDIA,MI,3015146,C1AA, ,F205,MILANO,B,B12,MI00003228,19,Abitazioni signorili,OTTIMO,P,13000,20000,L
NORD-OVEST,LOMBARDIA,MI,3015146,C1AA, ,F205,MILANO,B,B12,MI00003228,19,Abitazioni signorili,NORMALE, ,9300,12900,L
NORD-OVEST,LOMBARDIA,MI,3015146,C1AA, ,F205,MILANO,B,B12,MI00003228,13,Box,NORMALE,P,4500,6500,L
NORD-OVEST,LOMBARDIA,MI,3015146,C1AA, ,F205,MILANO,B,B12,MI00003228,9,Magazzini,NORMALE,P,2250,3500,L
NORD-OVEST,LOMBARDIA,MI,3015146,C1AA, ,F205,MILANO,B,B12,MI00003228,5,Negozi,OTTIMO, ,14600,29000,L
NORD-OVEST,LOMBARDIA,MI,3015146,C1AA, ,F205,MILANO,B,B12,MI00003228,5,Negozi,NORMALE,P,9000,14500,L
NORD-OVEST,LOMBARDIA,MI,3015146,C1AA, ,F205,MILANO,B,B12,MI00003228,6,Uffici,OTTIMO,P,9000,13000,L
NORD-OVEST,LOMBARDIA,MI,3015146,C1AA, ,F205,MILANO,B,B12,MI00003228,18,Uffici strutturati,OTTIMO,P,9500,17000,L
NORD-OVEST,LOMBARDIA,MI,3015146,C1AA, ,F205,MILANO,B,B12,MI00003228,10,Laboratori,NORMALE,P,2700,3200,L
NORD-OVEST,LOMBARDIA,MI,3015146,C1AA, ,F205,MILANO,B,B13,MI00003232,20,Abitazioni civili,NORMALE,P,6700,8700,L
NORD-OVEST,LOMBARDIA,MI,3015146,C1AA, ,F205,MILANO,B,B13,MI00003232,20,Abitazioni civili,OTTIMO, ,8800,10200,L
NORD-OVEST,LOMBARDIA,MI,3015146,C1AA, ,F205,MILANO,B,B13,MI00003232,19,Abitazioni signorili,OTTIMO,P,9700,12500,L
NORD-OVEST,LOMBARDIA,MI,3015146,C1AA, ,F205,MILANO,B,B13,MI00003232,19,Abitazioni signorili,NORMALE, ,7100,9700,L
NORD-OVEST,LOMBARDIA,MI,3015146,C1AA, ,F205,MILANO,B,B13,MI00003232,13,Box,NORMALE,P,2650,3800,L
NORD-OVEST,LOMBARDIA,MI,3015146,C1AA, ,F205,MILANO,B,B13,MI00003232,9,Magazzini,NORMALE,P,1550,2300,L
NORD-OVEST,LOMBARDIA,MI,3015146,C1AA, ,F205,MILANO,B,B13,MI00003232,5,Negozi,OTTIMO, ,6800,9000,L
NORD-OVEST,LOMBARDIA,MI,3015146,C1AA, ,F205,MILANO,B,B13,MI00003232,5,Negozi,NORMALE,P,4000,6700,L
NORD-OVEST,LOMBARDIA,MI,3015146,C1AA, ,F205,MILANO,B,B13,MI00003232,6,Uffici,OTTIMO,P,5500,8300,L
NORD-OVEST,LOMBARDIA,MI,3015146,C1AA, ,F205,MILANO,B,B13,MI00003232,18,Uffici strutturati,OTTIMO,P,6500,9000,L
NORD-OVEST,LOMBARDIA,MI,3015146,C1AA, ,F205,MILANO,B,B13,MI00003232,10,Laboratori,NORMALE,P,2200,2900,L
NORD-OVEST,LOMBARDIA,MI,3015146,C1AA, ,F205,MILANO,B,B15,MI00003544,20,Abitazioni civili,NORMALE,P,9500,12000,L
NORD-OVEST,LOMBARDIA,MI,3015146,C1AA, ,F205,MILANO,B,B15,MI00003544,20,Abitazioni civili,OTTIMO, ,12100,16000,L
NORD-OVEST,LOMBARDIA,MI,3015146,C1AA, ,F205,MILANO,B,B15,MI00003544,19,Abitazioni signorili,OTTIMO,P,14000,21000,L
NORD-OVEST,LOMBARDIA,MI,3015146,C1AA, ,F205,MILANO,B,B15,MI00003544,19,Abitazioni signorili,NORMALE, ,10000,13900,L
NORD-OVEST,LOMBARDIA,MI,3015146,C1AA, ,F205,MILANO,B,B15,MI00003544,13,Box,NORMALE,P,4000,5500,L
NORD-OVEST,LOMBARDIA,MI,3015146,C1AA, ,F205,MILANO,B,B15,MI00003544,9,Magazzini,NORMALE,P,1600,2500,L
NORD-OVEST,LOMBARDIA,MI,3015146,C1AA, ,F205,MILANO,B,B15,MI00003544,5,Negozi,OTTIMO, ,11400,20000,L
NORD-OVEST,LOMBARDIA,MI,3015146,C1AA, ,F205,MILANO,B,B15,MI00003544,5,Negozi,NORMALE,P,7100,11300,L
NORD-OVEST,LOMBARDIA,MI,3015146,C1AA, ,F205,MILANO,B,B15,MI00003544,6,Uffici,OTTIMO,P,6500,11000,L
NORD-OVEST,LOMBARDIA,MI,3015146,C1AA, ,F205,MILANO,B,B15,MI00003544,18,Uffici strutturati,OTTIMO,P,7000,12000,L
NORD-OVEST,LOMBARDIA,MI,3015146,C1AA, ,F205,MILANO,B,B15,MI00003544,10,Laboratori,NORMALE,P,2600,3500,L
NORD-OVEST,LOMBARDIA,MI,3015146,C1AA, ,F205,MILANO,B,B16,MI00003545,20,Abitazioni civili,NORMALE,P,7000,9400,L
NORD-OVEST,LOMBARDIA,MI,3015146,C1AA, ,F205,MILANO,B,B16,MI00003545,20,Abitazioni civili,OTTIMO, ,9500,14000,L
NORD-OVEST,LOMBARDIA,MI,3015146,C1AA, ,F205,MILANO,B,B16,MI00003545,19,Abitazioni signorili,OTTIMO,P,10800,16000,L
NORD-OVEST,LOMBARDIA,MI,3015146,C1AA, ,F205,MILANO,B,B16,MI00003545,19,Abitazioni signorili,NORMALE, ,8000,10700,L
NORD-OVEST,LOMBARDIA,MI,3015146,C1AA, ,F205,MILANO,B,B16,MI00003545,13,Box,NORMALE,P,3700,5500,L
NORD-OVEST,LOMBARDIA,MI,3015146,C1AA, ,F205,MILANO,B,B16,MI00003545,9,Magazzini,NORMALE,P,1400,2000,L
NORD-OVEST,LOMBARDIA,MI,3015146,C1AA, ,F205,MILANO,B,B16,MI00003545,5,Negozi,OTTIMO, ,8000,10000,L
NORD-OVEST,LOMBARDIA,MI,3015146,C1AA, ,F205,MILANO,B,B16,MI00003545,5,Negozi,NORMALE,P,4400,7900,L
NORD-OVEST,LOMBARDIA,MI,3015146,C1AA, ,F205,MILANO,B,B16,MI00003545,6,Uffici,OTTIMO,P,4600,8300,L
NORD-OVEST,LOMBARDIA,MI,3015146,C1AA, ,F205,MILANO,B,B16,MI00003545,18,Uffici strutturati,OTTIMO,P,6000,9500,L
NORD-OVEST,LOMBARDIA,MI,3015146,C1AA, ,F205,MILANO,B,B16,MI00003545,10,Laboratori,NORMALE,P,2300,3000,L
NORD-OVEST,LOMBARDIA,MI,3015146,C1AA, ,F205,MILANO,B,B17,MI00004767,20,Abitazioni civili,NORMALE,P,6100,8200,L
NORD-OVEST,LOMBARDIA,MI,3015146,C1AA, ,F205,MILANO,B,B17,MI00004767,20,Abitazioni civili,OTTIMO, ,7900,11500,L
NORD-OVEST,LOMBARDIA,MI,3015146,C1AA, ,F205,MILANO,B,B17,MI00004767,19,Abitazioni signorili,OTTIMO,P,10300,14000,L
NORD-OVEST,LOMBARDIA,MI,3015146,C1AA, ,F205,MILANO,B,B17,MI00004767,19,Abitazioni signorili,NORMALE, ,8000,10200,L
NORD-OVEST,LOMBARDIA,MI,3015146,C1AA, ,F205,MILANO,B,B17,MI00004767,13,Box,NORMALE,P,2700,4100,L
NORD-OVEST,LOMBARDIA,MI,3015146,C1AA, ,F205,MILANO,B,B17,MI00004767,9,Magazzini,NORMALE,P,1100,1500,L
NORD-OVEST,LOMBARDIA,MI,3015146,C1AA, ,F205,MILANO,B,B17,MI00004767,5,Negozi,OTTIMO, ,6200,9000,L
NORD-OVEST,LOMBARDIA,MI,3015146,C1AA, ,F205,MILANO,B,B17,MI00004767,5,Negozi,NORMALE,P,4400,6100,L
NORD-OVEST,LOMBARDIA,MI,3015146,C1AA, ,F205,MILANO,B,B17,MI00004767,6,Uffici,OTTIMO,P,4700,7400,L
NORD-OVEST,LOMBARDIA,MI,3015146,C1AA, ,F205,MILANO,B,B17,MI00004767,18,Uffici strutturati,OTTIMO,P,5300,8000,L
NORD-OVEST,LOMBARDIA,MI,3015146,C1AA, ,F205,MILANO,B,B17,MI00004767,10,Laboratori,NORMALE,P,1600,2300,L
NORD-OVEST,LOMBARDIA,MI,3015146,C1AA, ,F205,MILANO,B,B18,MI00004768,20,Abitazioni civili,OTTIMO, ,9100,13000,L
NORD-OVEST,LOMBARDIA,MI,3015146,C1AA, ,F205,MILANO,B,B18,MI00004768,20,Abitazioni civili,NORMALE,P,6500,9000,L
NORD-OVEST,LOMBARDIA,MI,3015146,C1AA, ,F205,MILANO,B,B18,MI00004768,13,Box,NORMALE,P,3300,4800,L
NORD-OVEST,LOMBARDIA,MI,3015146,C1AA, ,F205,MILANO,B,B18,MI00004768,9,Magazzini,NORMALE,P,1200,1700,L
NORD-OVEST,LOMBARDIA,MI,3015146,C1AA, ,F205,MILANO,B,B18,MI00004768,5,Negozi,NORMALE,P,5000,8600,L
NORD-OVEST,LOMBARDIA,MI,3015146,C1AA, ,F205,MILANO,B,B18,MI00004768,5,Negozi,OTTIMO, ,8700,14000,L
NORD-OVEST,LOMBARDIA,MI,3015146,C1AA, ,F205,MILANO,B,B18,MI00004768,6,Uffici,OTTIMO,P,5500,8000,L
NORD-OVEST,LOMBARDIA,MI,3015146,C1AA, ,F205,MILANO,B,B18,MI00004768,18,Uffici strutturati,OTTIMO,P,6500,10000,L
NORD-OVEST,LOMBARDIA,MI,3015146,C1AA, ,F205,MILANO,B,B18,MI00004768,10,Laboratori,NORMALE,P,2100,2850,L
NORD-OVEST,LOMBARDIA,MI,3015146,C1AA, ,F205,MILANO,B,B19,MI00004769,20,Abitazioni civili,NORMALE,P,6500,9000,L
NORD-OVEST,LOMBARDIA,MI,3015146,C1AA, ,F205,MILANO,B,B19,MI00004769,20,Abitazioni civili,OTTIMO, ,9100,12000,L
NORD-OVEST,LOMBARDIA,MI,3015146,C1AA, ,F205,MILANO,B,B19,MI00004769,19,Abitazioni signorili,OTTIMO,P,12600,15000,L
NORD-OVEST,LOMBARDIA,MI,3015146,C1AA, ,F205,MILANO,B,B19,MI00004769,19,Abitazioni signorili,NORMALE, ,9000,12500,L
NORD-OVEST,LOMBARDIA,MI,3015146,C1AA, ,F205,MILANO,B,B19,MI00004769,13,Box,NORMALE,P,2600,4300,L
NORD-OVEST,LOMBARDIA,MI,3015146,C1AA, ,F205,MILANO,B,B19,MI00004769,9,Magazzini,NORMALE,P,950,1500,L
NORD-OVEST,LOMBARDIA,MI,3015146,C1AA, ,F205,MILANO,B,B19,MI00004769,5,Negozi,OTTIMO,P,6200,9200,L
NORD-OVEST,LOMBARDIA,MI,3015146,C1AA, ,F205,MILANO,B,B19,MI00004769,5,Negozi,NORMALE, ,3800,6100,L
NORD-OVEST,LOMBARDIA,MI,3015146,C1AA, ,F205,MILANO,B,B19,MI00004769,6,Uffici,OTTIMO,P,5000,8800,L
NORD-OVEST,LOMBARDIA,MI,3015146,C1AA, ,F205,MILANO,B,B19,MI00004769,18,Uffici strutturati,OTTIMO,P,5800,10000,L
NORD-OVEST,LOMBARDIA,MI,3015146,C1AA, ,F205,MILANO,B,B19,MI00004769,10,Laboratori,NORMALE,P,1300,2050,L
NORD-OVEST,LOMBARDIA,MI,3015146,C1AA, ,F205,MILANO,B,B20,MI00004770,20,Abitazioni civili,OTTIMO, ,7300,9700,L
NORD-OVEST,LOMBARDIA,MI,3015146,C1AA, ,F205,MILANO,B,B20,MI00004770,20,Abitazioni civili,NORMALE,P,5200,7200,L
NORD-OVEST,LOMBARDIA,MI,3015146,C1AA, ,F205,MILANO,B,B20,MI00004770,13,Box,NORMALE,P,2750,4100,L
NORD-OVEST,LOMBARDIA,MI,3015146,C1AA, ,F205,MILANO,B,B20,MI00004770,9,Magazzini,NORMALE,P,900,1300,L
NORD-OVEST,LOMBARDIA,MI,3015146,C1AA, ,F205,MILANO,B,B20,MI00004770,5,Negozi,NORMALE,P,3500,4900,L
NORD-OVEST,LOMBARDIA,MI,3015146,C1AA, ,F205,MILANO,B,B20,MI00004770,5,Negozi,OTTIMO, ,5000,7600,L
NORD-OVEST,LOMBARDIA,MI,3015146,C1AA, ,F205,MILANO,B,B20,MI00004770,6,Uffici,OTTIMO,P,3500,5900,L
NORD-OVEST,LOMBARDIA,MI,3015146,C1AA, ,F205,MILANO,B,B20,MI00004770,18,Uffici strutturati,OTTIMO,P,3900,6400,L
NORD-OVEST,LOMBARDIA,MI,3015146,C1AA, ,F205,MILANO,B,B20,MI00004770,10,Laboratori,NORMALE,P,1100,1800,L
NORD-OVEST,LOMBARDIA,MI,3015146,C1AA, ,F205,MILANO,B,B21,MI00004771,20,Abitazioni civili,OTTIMO, ,7400,9500,L
NORD-OVEST,LOMBARDIA,MI,3015146,C1AA, ,F205,MILANO,B,B21,MI00004771,20,Abitazioni civili,NORMALE,P,5000,7300,L
NORD-OVEST,LOMBARDIA,MI,3015146,C1AA, ,F205,MILANO,B,B21,MI00004771,13,Box,NORMALE,P,2500,3900,L
NORD-OVEST,LOMBARDIA,MI,3015146,C1AA, ,F205,MILANO,B,B21,MI00004771,9,Magazzini,NORMALE,P,700,1100,L
NORD-OVEST,LOMBARDIA,MI,3015146,C1AA, ,F205,MILANO,B,B21,MI00004771,5,Negozi,NORMALE,P,3300,4500,L
NORD-OVEST,LOMBARDIA,MI,3015146,C1AA, ,F205,MILANO,B,B21,MI00004771,5,Negozi,OTTIMO, ,4600,7100,L
NORD-OVEST,LOMBARDIA,MI,3015146,C1AA, ,F205,MILANO,B,B21,MI00004771,6,Uffici,OTTIMO,P,3500,5500,L
NORD-OVEST,LOMBARDIA,MI,3015146,C1AA, ,F205,MILANO,B,B21,MI00004771,18,Uffici strutturati,OTTIMO,P,3800,6000,L
NORD-OVEST,LOMBARDIA,MI,3015146,C1AA, ,F205,MILANO,B,B21,MI00004771,10,Laboratori,NORMALE,P,1150,1750,L
NORD-OVEST,LOMBARDIA,MI,3015146,C1AA, ,F205,MILANO,C,C12,MI00000307,20,Abitazioni civili,OTTIMO, ,7200,10300,L
NORD-OVEST,LOMBARDIA,MI,3015146,C1AA, ,F205,MILANO,C,C12,MI00000307,20,Abitazioni civili,NORMALE,P,5500,7100,L
NORD-OVEST,LOMBARDIA,MI,3015146,C1AA, ,F205,MILANO,C,C12,MI00000307,13,Box,NORMALE,P,2600,4300,L
NORD-OVEST,LOMBARDIA,MI,3015146,C1AA, ,F205,MILANO,C,C12,MI00000307,9,Magazzini,NORMALE,P,900,1200,L
NORD-OVEST,LOMBARDIA,MI,3015146,C1AA, ,F205,MILANO,C,C12,MI00000307,5,Negozi,NORMALE, ,3700,5200,L
NORD-OVEST,LOMBARDIA,MI,3015146,C1AA, ,F205,MILANO,C,C12,MI00000307,5,Negozi,OTTIMO,P,5300,8500,L
NORD-OVEST,LOMBARDIA,MI,3015146,C1AA, ,F205,MILANO,C,C12,MI00000307,6,Uffici,OTTIMO,P,4800,6500,L
NORD-OVEST,LOMBARDIA,MI,3015146,C1AA, ,F205,MILANO,C,C12,MI00000307,18,Uffici strutturati,OTTIMO,P,4200,7000,L
NORD-OVEST,LOMBARDIA,MI,3015146,C1AA, ,F205,MILANO,C,C12,MI00000307,10,Laboratori,NORMALE,P,1500,2300,L
NORD-OVEST,LOMBARDIA,MI,3015146,C1AA, ,F205,MILANO,C,C13,MI00003667,20,Abitazioni civili,OTTIMO,P,8300,12500,L
NORD-OVEST,LOMBARDIA,MI,3015146,C1AA, ,F205,MILANO,C,C13,MI00003667,19,Abitazioni signorili,OTTIMO,P,9500,14000,L
NORD-OVEST,LOMBARDIA,MI,3015146,C1AA, ,F205,MILANO,C,C13,MI00003667,13,Box,NORMALE,P,2600,3600,L
NORD-OVEST,LOMBARDIA,MI,3015146,C1AA, ,F205,MILANO,C,C14,MI00003668,20,Abitazioni civili,NORMALE, ,4800,6600,L
NORD-OVEST,LOMBARDIA,MI,3015146,C1AA, ,F205,MILANO,C,C14,MI00003668,20,Abitazioni civili,OTTIMO,P,10500,15700,L
NORD-OVEST,LOMBARDIA,MI,3015146,C1AA, ,F205,MILANO,C,C14,MI00003668,19,Abitazioni signorili,OTTIMO,P,13500,19000,L
NORD-OVEST,LOMBARDIA,MI,3015146,C1AA, ,F205,MILANO,C,C14,MI00003668,13,Box,NORMALE,P,2800,4200,L
NORD-OVEST,LOMBARDIA,MI,3015146,C1AA, ,F205,MILANO,C,C14,MI00003668,18,Uffici strutturati,OTTIMO,P,6500,8500,L
NORD-OVEST,LOMBARDIA,MI,3015146,C1AA, ,F205,MILANO,C,C15,MI00003669,20,Abitazioni civili,NORMALE,P,4100,5800,L
NORD-OVEST,LOMBARDIA,MI,3015146,C1AA, ,F205,MILANO,C,C15,MI00003669,20,Abitazioni civili,OTTIMO, ,5900,7800,L
NORD-OVEST,LOMBARDIA,MI,3015146,C1AA, ,F205,MILANO,C,C15,MI00003669,13,Box,NORMALE,P,1650,3100,L
NORD-OVEST,LOMBARDIA,MI,3015146,C1AA, ,F205,MILANO,C,C15,MI00003669,1,Ville e Villini,NORMALE,P,3500,5400,L
NORD-OVEST,LOMBARDIA,MI,3015146,C1AA, ,F205,MILANO,C,C15,MI00003669,1,Ville e Villini,OTTIMO, ,5500,6300,L
NORD-OVEST,LOMBARDIA,MI,3015146,C1AA, ,F205,MILANO,C,C15,MI00003669,9,Magazzini,NORMALE,P,700,1100,L
NORD-OVEST,LOMBARDIA,MI,3015146,C1AA, ,F205,MILANO,C,C15,MI00003669,5,Negozi,OTTIMO, ,3100,4900,L
NORD-OVEST,LOMBARDIA,MI,3015146,C1AA, ,F205,MILANO,C,C15,MI00003669,5,Negozi,NORMALE,P,2200,3000,L
NORD-OVEST,LOMBARDIA,MI,3015146,C1AA, ,F205,MILANO,C,C15,MI00003669,6,Uffici,OTTIMO,P,3000,4700,L
NORD-OVEST,LOMBARDIA,MI,3015146,C1AA, ,F205,MILANO,C,C15,MI00003669,18,Uffici strutturati,OTTIMO,P,3700,6000,L
NORD-OVEST,LOMBARDIA,MI,3015146,C1AA, ,F205,MILANO,C,C15,MI00003669,10,Laboratori,NORMALE,P,1000,1400,L
NORD-OVEST,LOMBARDIA,MI,3015146,C1AA, ,F205,MILANO,C,C16,MI00004772,20,Abitazioni civili,OTTIMO, ,6500,9000,L
NORD-OVEST,LOMBARDIA,MI,3015146,C1AA, ,F205,MILANO,C,C16,MI00004772,20,Abitazioni civili,NORMALE,P,4200,6400,L
NORD-OVEST,LOMBARDIA,MI,3015146,C1AA, ,F205,MILANO,C,C16,MI00004772,13,Box,NORMALE,P,2200,3700,L
NORD-OVEST,LOMBARDIA,MI,3015146,C1AA, ,F205,MILANO,C,C16,MI00004772,9,Magazzini,NORMALE,P,750,1200,L
NORD-OVEST,LOMBARDIA,MI,3015146,C1AA, ,F205,MILANO,C,C16,MI00004772,5,Negozi,NORMALE,P,2600,4700,L
NORD-OVEST,LOMBARDIA,MI,3015146,C1AA, ,F205,MILANO,C,C16,MI00004772,5,Negozi,OTTIMO, ,4800,6800,L
NORD-OVEST,LOMBARDIA,MI,3015146,C1AA, ,F205,MILANO,C,C16,MI00004772,6,Uffici,OTTIMO,P,3200,4700,L
NORD-OVEST,LOMBARDIA,MI,3015146,C1AA, ,F205,MILANO,C,C16,MI00004772,18,Uffici strutturati,OTTIMO,P,3200,5200,L
NORD-OVEST,LOMBARDIA,MI,3015146,C1AA, ,F205,MILANO,C,C16,MI00004772,10,Laboratori,NORMALE,P,1200,1800,L
NORD-OVEST,LOMBARDIA,MI,3015146,C1AA, ,F205,MILANO,C,C17,MI00004773,20,Abitazioni civili,OTTIMO, ,6900,10000,L
NORD-OVEST,LOMBARDIA,MI,3015146,C1AA, ,F205,MILANO,C,C17,MI00004773,20,Abitazioni civili,NORMALE,P,5500,6800,L
NORD-OVEST,LOMBARDIA,MI,3015146,C1AA, ,F205,MILANO,C,C17,MI00004773,19,Abitazioni signorili,NORMALE, ,7200,9800,L
NORD-OVEST,LOMBARDIA,MI,3015146,C1AA, ,F205,MILANO,C,C17,MI00004773,19,Abitazioni signorili,OTTIMO,P,9900,12500,L
NORD-OVEST,LOMBARDIA,MI,3015146,C1AA, ,F205,MILANO,C,C17,MI00004773,13,Box,NORMALE,P,2800,4000,L
NORD-OVEST,LOMBARDIA,MI,3015146,C1AA, ,F205,MILANO,C,C17,MI00004773,1,Ville e Villini,OTTIMO,P,6200,8500,L
NORD-OVEST,LOMBARDIA,MI,3015146,C1AA, ,F205,MILANO,C,C17,MI00004773,9,Magazzini,NORMALE,P,750,1300,L
NORD-OVEST,LOMBARDIA,MI,3015146,C1AA, ,F205,MILANO,C,C17,MI00004773,5,Negozi,OTTIMO, ,4700,6800,L
NORD-OVEST,LOMBARDIA,MI,3015146,C1AA, ,F205,MILANO,C,C17,MI00004773,5,Negozi,NORMALE,P,3000,4600,L
NORD-OVEST,LOMBARDIA,MI,3015146,C1AA, ,F205,MILANO,C,C17,MI00004773,6,Uffici,OTTIMO,P,3900,5400,L
NORD-OVEST,LOMBARDIA,MI,3015146,C1AA, ,F205,MILANO,C,C17,MI00004773,18,Uffici strutturati,OTTIMO,P,4100,6200,L
NORD-OVEST,LOMBARDIA,MI,3015146,C1AA, ,F205,MILANO,C,C17,MI00004773,10,Laboratori,NORMALE,P,1000,1600,L
NORD-OVEST,LOMBARDIA,MI,3015146,C1AA, ,F205,MILANO,C,C18,MI00004774,20,Abitazioni civili,OTTIMO, ,6400,8500,L
NORD-OVEST,LOMBARDIA,MI,3015146,C1AA, ,F205,MILANO,C,C18,MI00004774,20,Abitazioni civili,NORMALE,P,4600,6300,L
NORD-OVEST,LOMBARDIA,MI,3015146,C1AA, ,F205,MILANO,C,C18,MI00004774,13,Box,NORMALE,P,2400,3700,L
NORD-OVEST,LOMBARDIA,MI,3015146,C1AA, ,F205,MILANO,C,C18,MI00004774,9,Magazzini,NORMALE,P,850,1400,L
NORD-OVEST,LOMBARDIA,MI,3015146,C1AA, ,F205,MILANO,C,C18,MI00004774,5,Negozi,NORMALE, ,2700,4000,L
NORD-OVEST,LOMBARDIA,MI,3015146,C1AA, ,F205,MILANO,C,C18,MI00004774,5,Negozi,OTTIMO,P,4100,7200,L
NORD-OVEST,LOMBARDIA,MI,3015146,C1AA, ,F205,MILANO,C,C18,MI00004774,6,Uffici,OTTIMO,P,2800,4300,L
NORD-OVEST,LOMBARDIA,MI,3015146,C1AA, ,F205,MILANO,C,C18,MI00004774,18,Uffici strutturati,OTTIMO,P,3000,5000,L
NORD-OVEST,LOMBARDIA,MI,3015146,C1AA, ,F205,MILANO,C,C18,MI00004774,10,Laboratori,NORMALE,P,1100,1600,L
NORD-OVEST,LOMBARDIA,MI,3015146,C1AA, ,F205,MILANO,C,C19,MI00004775,20,Abitazioni civili,OTTIMO, ,6200,8700,L
NORD-OVEST,LOMBARDIA,MI,3015146,C1AA, ,F205,MILANO,C,C19,MI00004775,20,Abitazioni civili,NORMALE,P,4000,6100,L
NORD-OVEST,LOMBARDIA,MI,3015146,C1AA, ,F205,MILANO,C,C19,MI00004775,13,Box,NORMALE,P,1700,3000,L
NORD-OVEST,LOMBARDIA,MI,3015146,C1AA, ,F205,MILANO,C,C19,MI00004775,9,Magazzini,NORMALE,P,700,1100,L
NORD-OVEST,LOMBARDIA,MI,3015146,C1AA, ,F205,MILANO,C,C19,MI00004775,5,Negozi,NORMALE,P,2600,3700,L
NORD-OVEST,LOMBARDIA,MI,3015146,C1AA, ,F205,MILANO,C,C19,MI00004775,5,Negozi,OTTIMO, ,3800,5300,L
NORD-OVEST,LOMBARDIA,MI,3015146,C1AA, ,F205,MILANO,C,C19,MI00004775,6,Uffici,OTTIMO,P,2700,3600,L
NORD-OVEST,LOMBARDIA,MI,3015146,C1AA, ,F205,MILANO,C,C19,MI00004775,18,Uffici strutturati,OTTIMO,P,3100,4000,L
NORD-OVEST,LOMBARDIA,MI,3015146,C1AA, ,F205,MILANO,C,C19,MI00004775,10,Laboratori,NORMALE,P,950,1550,L
NORD-OVEST,LOMBARDIA,MI,3015146,C1AA, ,F205,MILANO,C,C20,MI00004776,20,Abitazioni civili,OTTIMO, ,6600,9400,L
NORD-OVEST,LOMBARDIA,MI,3015146,C1AA, ,F205,MILANO,C,C20,MI00004776,20,Abitazioni civili,NORMALE,P,4500,6500,L
NORD-OVEST,LOMBARDIA,MI,3015146,C1AA, ,F205,MILANO,C,C20,MI00004776,13,Box,NORMALE,P,2300,3800,L
NORD-OVEST,LOMBARDIA,MI,3015146,C1AA, ,F205,MILANO,C,C20,MI00004776,9,Magazzini,NORMALE,P,800,1200,L
NORD-OVEST,LOMBARDIA,MI,3015146,C1AA, ,F205,MILANO,C,C20,MI00004776,5,Negozi,NORMALE,P,2800,3700,L
NORD-OVEST,LOMBARDIA,MI,3015146,C1AA, ,F205,MILANO,C,C20,MI00004776,5,Negozi,OTTIMO, ,3800,5700,L
NORD-OVEST,LOMBARDIA,MI,3015146,C1AA, ,F205,MILANO,C,C20,MI00004776,6,Uffici,OTTIMO,P,3500,5200,L
NORD-OVEST,LOMBARDIA,MI,3015146,C1AA, ,F205,MILANO,C,C20,MI00004776,18,Uffici strutturati,OTTIMO,P,3700,5900,L
NORD-OVEST,LOMBARDIA,MI,3015146,C1AA, ,F205,MILANO,C,C20,MI00004776,10,Laboratori,NORMALE,P,1100,1500,L
NORD-OVEST,LOMBARDIA,MI,3015146,C1AA, ,F205,MILANO,D,D10,MI00000317,20,Abitazioni civili,OTTIMO, ,4100,5300,L
NORD-OVEST,LOMBARDIA,MI,3015146,C1AA, ,F205,MILANO,D,D10,MI00000317,20,Abitazioni civili,NORMALE,P,2900,4000,L
NORD-OVEST,LOMBARDIA,MI,3015146,C1AA, ,F205,MILANO,D,D10,MI00000317,21,Abitazioni di tipo economico,NORMALE,P,2350,2700,L
NORD-OVEST,LOMBARDIA,MI,3015146,C1AA, ,F205,MILANO,D,D10,MI00000317,21,Abitazioni di tipo economico,OTTIMO, ,2800,3600,L
NORD-OVEST,LOMBARDIA,MI,3015146,C1AA, ,F205,MILANO,D,D10,MI00000317,13,Box,NORMALE,P,1500,2450,L
NORD-OVEST,LOMBARDIA,MI,3015146,C1AA, ,F205,MILANO,D,D10,MI00000317,9,Magazzini,NORMALE,P,550,850,L
NORD-OVEST,LOMBARDIA,MI,3015146,C1AA, ,F205,MILANO,D,D10,MI00000317,5,Negozi,NORMALE,P,1700,2600,L
NORD-OVEST,LOMBARDIA,MI,3015146,C1AA, ,F205,MILANO,D,D10,MI00000317,6,Uffici,OTTIMO,P,1750,2650,L
NORD-OVEST,LOMBARDIA,MI,3015146,C1AA, ,F205,MILANO,D,D10,MI00000317,18,Uffici strutturati,OTTIMO,P,2000,3000,L
NORD-OVEST,LOMBARDIA,MI,3015146,C1AA, ,F205,MILANO,D,D10,MI00000317,8,Capannoni industriali,NORMALE,P,550,950,L
NORD-OVEST,LOMBARDIA,MI,3015146,C1AA, ,F205,MILANO,D,D10,MI00000317,10,Laboratori,NORMALE,P,650,1100,L
NORD-OVEST,LOMBARDIA,MI,3015146,C1AA, ,F205,MILANO,D,D12,MI00000319,20,Abitazioni civili,OTTIMO, ,5700,8000,L
NORD-OVEST,LOMBARDIA,MI,3015146,C1AA, ,F205,MILANO,D,D12,MI00000319,20,Abitazioni civili,NORMALE,P,3800,5600,L
NORD-OVEST,LOMBARDIA,MI,3015146,C1AA, ,F205,MILANO,D,D12,MI00000319,21,Abitazioni di tipo economico,NORMALE,P,2900,3400,L
NORD-OVEST,LOMBARDIA,MI,3015146,C1AA, ,F205,MILANO,D,D12,MI00000319,21,Abitazioni di tipo economico,OTTIMO, ,3500,4000,L
NORD-OVEST,LOMBARDIA,MI,3015146,C1AA, ,F205,MILANO,D,D12,MI00000319,13,Box,NORMALE,P,2300,3600,L
NORD-OVEST,LOMBARDIA,MI,3015146,C1AA, ,F205,MILANO,D,D12,MI00000319,1,Ville e Villini,NORMALE,P,3300,5200,L
NORD-OVEST,LOMBARDIA,MI,3015146,C1AA, ,F205,MILANO,D,D12,MI00000319,1,Ville e Villini,OTTIMO, ,5300,7300,L
NORD-OVEST,LOMBARDIA,MI,3015146,C1AA, ,F205,MILANO,D,D12,MI00000319,9,Magazzini,NORMALE,P,850,1200,L
NORD-OVEST,LOMBARDIA,MI,3015146,C1AA, ,F205,MILANO,D,D12,MI00000319,5,Negozi,OTTIMO, ,3300,5200,L
NORD-OVEST,LOMBARDIA,MI,3015146,C1AA, ,F205,MILANO,D,D12,MI00000319,5,Negozi,NORMALE,P,2200,3200,L
NORD-OVEST,LOMBARDIA,MI,3015146,C1AA, ,F205,MILANO,D,D12,MI00000319,6,Uffici,OTTIMO,P,2400,3800,L
NORD-OVEST,LOMBARDIA,MI,3015146,C1AA, ,F205,MILANO,D,D12,MI00000319,18,Uffici strutturati,OTTIMO,P,2600,4300,L
NORD-OVEST,LOMBARDIA,MI,3015146,C1AA, ,F205,MILANO,D,D12,MI00000319,8,Capannoni industriali,NORMALE,P,600,850,L
NORD-OVEST,LOMBARDIA,MI,3015146,C1AA, ,F205,MILANO,D,D12,MI00000319,10,Laboratori,NORMALE,P,700,1500,L
NORD-OVEST,LOMBARDIA,MI,3015146,C1AA, ,F205,MILANO,D,D13,MI00000320,20,Abitazioni civili,OTTIMO, ,4200,5500,L
NORD-OVEST,LOMBARDIA,MI,3015146,C1AA, ,F205,MILANO,D,D13,MI00000320,20,Abitazioni civili,NORMALE,P,3100,4100,L
NORD-OVEST,LOMBARDIA,MI,3015146,C1AA, ,F205,MILANO,D,D13,MI00000320,21,Abitazioni di tipo economico,NORMALE,P,2500,3000,L
NORD-OVEST,LOMBARDIA,MI,3015146,C1AA, ,F205,MILANO,D,D13,MI00000320,21,Abitazioni di tipo economico,OTTIMO, ,3100,3700,L
NORD-OVEST,LOMBARDIA,MI,3015146,C1AA, ,F205,MILANO,D,D13,MI00000320,13,Box,NORMALE,P,1550,2300,L
NORD-OVEST,LOMBARDIA,MI,3015146,C1AA, ,F205,MILANO,D,D13,MI00000320,9,Magazzini,NORMALE,P,450,900,L
NORD-OVEST,LOMBARDIA,MI,3015146,C1AA, ,F205,MILANO,D,D13,MI00000320,5,Negozi,NORMALE,P,1500,2500,L
NORD-OVEST,LOMBARDIA,MI,3015146,C1AA, ,F205,MILANO,D,D13,MI00000320,6,Uffici,OTTIMO,P,2400,3100,L
NORD-OVEST,LOMBARDIA,MI,3015146,C1AA, ,F205,MILANO,D,D13,MI00000320,18,Uffici strutturati,OTTIMO,P,2450,3200,L
NORD-OVEST,LOMBARDIA,MI,3015146,C1AA, ,F205,MILANO,D,D13,MI00000320,8,Capannoni industriali,NORMALE,P,600,1000,L
NORD-OVEST,LOMBARDIA,MI,3015146,C1AA, ,F205,MILANO,D,D13,MI00000320,10,Laboratori,NORMALE,P,750,1200,L
NORD-OVEST,LOMBARDIA,MI,3015146,C1AA, ,F205,MILANO,D,D16,MI00000323,20,Abitazioni civili,OTTIMO, ,4300,6600,L
NORD-OVEST,LOMBARDIA,MI,3015146,C1AA, ,F205,MILANO,D,D16,MI00000323,20,Abitazioni civili,NORMALE,P,3300,4200,L
NORD-OVEST,LOMBARDIA,MI,3015146,C1AA, ,F205,MILANO,D,D16,MI00000323,21,Abitazioni di tipo economico,NORMALE,P,2800,3500,L
NORD-OVEST,LOMBARDIA,MI,3015146,C1AA, ,F205,MILANO,D,D16,MI00000323,21,Abitazioni di tipo economico,OTTIMO, ,3600,4200,L
NORD-OVEST,LOMBARDIA,MI,3015146,C1AA, ,F205,MILANO,D,D16,MI00000323,13,Box,NORMALE,P,1750,2800,L
NORD-OVEST,LOMBARDIA,MI,3015146,C1AA, ,F205,MILANO,D,D16,MI00000323,9,Magazzini,NORMALE,P,650,1000,L
NORD-OVEST,LOMBARDIA,MI,3015146,C1AA, ,F205,MILANO,D,D16,MI00000323,5,Negozi,NORMALE,P,1900,3700,L
NORD-OVEST,LOMBARDIA,MI,3015146,C1AA, ,F205,MILANO,D,D16,MI00000323,6,Uffici,OTTIMO,P,2100,3200,L
NORD-OVEST,LOMBARDIA,MI,3015146,C1AA, ,F205,MILANO,D,D16,MI00000323,18,Uffici strutturati,OTTIMO,P,2500,4000,L
NORD-OVEST,LOMBARDIA,MI,3015146,C1AA, ,F205,MILANO,D,D16,MI00000323,8,Capannoni industriali,NORMALE,P,600,1050,L
NORD-OVEST,LOMBARDIA,MI,3015146,C1AA, ,F205,MILANO,D,D16,MI00000323,10,Laboratori,NORMALE,P,700,1300,L
NORD-OVEST,LOMBARDIA,MI,3015146,C1AA, ,F205,MILANO,D,D18,MI00000325,20,Abitazioni civili,OTTIMO, ,4000,5700,L
NORD-OVEST,LOMBARDIA,MI,3015146,C1AA, ,F205,MILANO,D,D18,MI00000325,20,Abitazioni civili,NORMALE,P,2850,3900,L
NORD-OVEST,LOMBARDIA,MI,3015146,C1AA, ,F205,MILANO,D,D18,MI00000325,21,Abitazioni di tipo economico,NORMALE,P,2150,2750,L
NORD-OVEST,LOMBARDIA,MI,3015146,C1AA, ,F205,MILANO,D,D18,MI00000325,21,Abitazioni di tipo economico,OTTIMO, ,2800,3300,L
NORD-OVEST,LOMBARDIA,MI,3015146,C1AA, ,F205,MILANO,D,D18,MI00000325,13,Box,NORMALE,P,1450,2500,L
NORD-OVEST,LOMBARDIA,MI,3015146,C1AA, ,F205,MILANO,D,D18,MI00000325,9,Magazzini,NORMALE,P,450,800,L
NORD-OVEST,LOMBARDIA,MI,3015146,C1AA, ,F205,MILANO,D,D18,MI00000325,5,Negozi,NORMALE,P,1950,3200,L
NORD-OVEST,LOMBARDIA,MI,3015146,C1AA, ,F205,MILANO,D,D18,MI00000325,6,Uffici,OTTIMO,P,2100,3000,L
NORD-OVEST,LOMBARDIA,MI,3015146,C1AA, ,F205,MILANO,D,D18,MI00000325,18,Uffici strutturati,OTTIMO,P,2400,3400,L
NORD-OVEST,LOMBARDIA,MI,3015146,C1AA, ,F205,MILANO,D,D18,MI00000325,8,Capannoni industriali,NORMALE,P,650,950,L
NORD-OVEST,LOMBARDIA,MI,3015146,C1AA, ,F205,MILANO,D,D18,MI00000325,10,Laboratori,NORMALE,P,850,1250,L
NORD-OVEST,LOMBARDIA,MI,3015146,C1AA, ,F205,MILANO,D,D20,MI00000327,20,Abitazioni civili,OTTIMO, ,4300,5600,L
NORD-OVEST,LOMBARDIA,MI,3015146,C1AA, ,F205,MILANO,D,D20,MI00000327,20,Abitazioni civili,NORMALE,P,3300,4200,L
NORD-OVEST,LOMBARDIA,MI,3015146,C1AA, ,F205,MILANO,D,D20,MI00000327,21,Abitazioni di tipo economico,OTTIMO, ,3300,3600,L
NORD-OVEST,LOMBARDIA,MI,3015146,C1AA, ,F205,MILANO,D,D20,MI00000327,21,Abitazioni di tipo economico,NORMALE,P,2900,3200,L
NORD-OVEST,LOMBARDIA,MI,3015146,C1AA, ,F205,MILANO,D,D20,MI00000327,13,Box,NORMALE,P,1600,2400,L
NORD-OVEST,LOMBARDIA,MI,3015146,C1AA, ,F205,MILANO,D,D20,MI00000327,9,Magazzini,NORMALE,P,600,1000,L
NORD-OVEST,LOMBARDIA,MI,3015146,C1AA, ,F205,MILANO,D,D20,MI00000327,5,Negozi,NORMALE,P,1900,2500,L
NORD-OVEST,LOMBARDIA,MI,3015146,C1AA, ,F205,MILANO,D,D20,MI00000327,5,Negozi,OTTIMO, ,2600,3500,L
NORD-OVEST,LOMBARDIA,MI,3015146,C1AA, ,F205,MILANO,D,D20,MI00000327,6,Uffici,OTTIMO,P,2100,3200,L
NORD-OVEST,LOMBARDIA,MI,3015146,C1AA, ,F205,MILANO,D,D20,MI00000327,18,Uffici strutturati,OTTIMO,P,2600,3500,L
NORD-OVEST,LOMBARDIA,MI,3015146,C1AA, ,F205,MILANO,D,D20,MI00000327,8,Capannoni industriali,NORMALE,P,650,950,L
NORD-OVEST,LOMBARDIA,MI,3015146,C1AA, ,F205,MILANO,D,D20,MI00000327,10,Laboratori,NORMALE,P,800,1200,L
NORD-OVEST,LOMBARDIA,MI,3015146,C1AA, ,F205,MILANO,D,D21,MI00000328,20,Abitazioni civili,OTTIMO, ,4100,5100,L
NORD-OVEST,LOMBARDIA,MI,3015146,C1AA, ,F205,MILANO,D,D21,MI00000328,20,Abitazioni civili,NORMALE,P,2700,4000,L
NORD-OVEST,LOMBARDIA,MI,3015146,C1AA, ,F205,MILANO,D,D21,MI00000328,21,Abitazioni di tipo economico,OTTIMO, ,2900,3500,L
NORD-OVEST,LOMBARDIA,MI,3015146,C1AA, ,F205,MILANO,D,D21,MI00000328,21,Abitazioni di tipo economico,NORMALE,P,2450,2800,L
NORD-OVEST,LOMBARDIA,MI,3015146,C1AA, ,F205,MILANO,D,D21,MI00000328,13,Box,NORMALE,P,1400,2200,L
NORD-OVEST,LOMBARDIA,MI,3015146,C1AA, ,F205,MILANO,D,D21,MI00000328,9,Magazzini,NORMALE,P,550,950,L
NORD-OVEST,LOMBARDIA,MI,3015146,C1AA, ,F205,MILANO,D,D21,MI00000328,5,Negozi,NORMALE,P,1500,2350,L
NORD-OVEST,LOMBARDIA,MI,3015146,C1AA, ,F205,MILANO,D,D21,MI00000328,5,Negozi,OTTIMO, ,2400,3500,L
NORD-OVEST,LOMBARDIA,MI,3015146,C1AA, ,F205,MILANO,D,D21,MI00000328,6,Uffici,OTTIMO,P,2000,3100,L
NORD-OVEST,LOMBARDIA,MI,3015146,C1AA, ,F205,MILANO,D,D21,MI00000328,18,Uffici strutturati,OTTIMO,P,2600,3400,L
NORD-OVEST,LOMBARDIA,MI,3015146,C1AA, ,F205,MILANO,D,D21,MI00000328,8,Capannoni industriali,NORMALE,P,600,900,L
NORD-OVEST,LOMBARDIA,MI,3015146,C1AA, ,F205,MILANO,D,D21,MI00000328,10,Laboratori,NORMALE,P,650,1150,L
NORD-OVEST,LOMBARDIA,MI,3015146,C1AA, ,F205,MILANO,D,D24,MI00000331,20,Abitazioni civili,OTTIMO, ,4300,6300,L
NORD-OVEST,LOMBARDIA,MI,3015146,C1AA, ,F205,MILANO,D,D24,MI00000331,20,Abitazioni civili,NORMALE,P,3600,4200,L
NORD-OVEST,LOMBARDIA,MI,3015146,C1AA, ,F205,MILANO,D,D24,MI00000331,21,Abitazioni di tipo economico,OTTIMO, ,3400,4100,L
NORD-OVEST,LOMBARDIA,MI,3015146,C1AA, ,F205,MILANO,D,D24,MI00000331,21,Abitazioni di tipo economico,NORMALE,P,2500,3300,L
NORD-OVEST,LOMBARDIA,MI,3015146,C1AA, ,F205,MILANO,D,D24,MI00000331,13,Box,NORMALE,P,1800,3000,L
NORD-OVEST,LOMBARDIA,MI,3015146,C1AA, ,F205,MILANO,D,D24,MI00000331,9,Magazzini,NORMALE,P,600,900,L
NORD-OVEST,LOMBARDIA,MI,3015146,C1AA, ,F205,MILANO,D,D24,MI00000331,5,Negozi,NORMALE,P,1750,2550,L
NORD-OVEST,LOMBARDIA,MI,3015146,C1AA, ,F205,MILANO,D,D24,MI00000331,5,Negozi,OTTIMO, ,2600,3600,L
NORD-OVEST,LOMBARDIA,MI,3015146,C1AA, ,F205,MILANO,D,D24,MI00000331,6,Uffici,OTTIMO,P,1900,3200,L
NORD-OVEST,LOMBARDIA,MI,3015146,C1AA, ,F205,MILANO,D,D24,MI00000331,18,Uffici strutturati,OTTIMO,P,2200,3500,L
NORD-OVEST,LOMBARDIA,MI,3015146,C1AA, ,F205,MILANO,D,D24,MI00000331,8,Capannoni industriali,NORMALE,P,600,950,L
NORD-OVEST,LOMBARDIA,MI,3015146,C1AA, ,F205,MILANO,D,D24,MI00000331,10,Laboratori,NORMALE,P,850,1450,L
NORD-OVEST,LOMBARDIA,MI,3015146,C1AA, ,F205,MILANO,D,D25,MI00000332,20,Abitazioni civili,OTTIMO, ,3500,4500,L
NORD-OVEST,LOMBARDIA,MI,3015146,C1AA, ,F205,MILANO,D,D25,MI00000332,20,Abitazioni civili,NORMALE,P,2900,3400,L
NORD-OVEST,LOMBARDIA,MI,3015146,C1AA, ,F205,MILANO,D,D25,MI00000332,21,Abitazioni di tipo economico,OTTIMO, ,2850,3500,L
NORD-OVEST,LOMBARDIA,MI,3015146,C1AA, ,F205,MILANO,D,D25,MI00000332,21,Abitazioni di tipo economico,NORMALE,P,2100,2800,L
NORD-OVEST,LOMBARDIA,MI,3015146,C1AA, ,F205,MILANO,D,D25,MI00000332,13,Box,NORMALE,P,1500,2400,L
NORD-OVEST,LOMBARDIA,MI,3015146,C1AA, ,F205,MILANO,D,D25,MI00000332,9,Magazzini,NORMALE,P,400,700,L
NORD-OVEST,LOMBARDIA,MI,3015146,C1AA, ,F205,MILANO,D,D25,MI00000332,5,Negozi,NORMALE,P,1500,2200,L
NORD-OVEST,LOMBARDIA,MI,3015146,C1AA, ,F205,MILANO,D,D25,MI00000332,5,Negozi,OTTIMO, ,2300,3100,L
NORD-OVEST,LOMBARDIA,MI,3015146,C1AA, ,F205,MILANO,D,D25,MI00000332,6,Uffici,OTTIMO,P,1700,2200,L
NORD-OVEST,LOMBARDIA,MI,3015146,C1AA, ,F205,MILANO,D,D25,MI00000332,18,Uffici strutturati,OTTIMO,P,2200,3100,L
NORD-OVEST,LOMBARDIA,MI,3015146,C1AA, ,F205,MILANO,D,D25,MI00000332,8,Capannoni industriali,NORMALE,P,550,900,L
NORD-OVEST,LOMBARDIA,MI,3015146,C1AA, ,F205,MILANO,D,D25,MI00000332,10,Laboratori,NORMALE,P,550,950,L
NORD-OVEST,LOMBARDIA,MI,3015146,C1AA, ,F205,MILANO,D,D28,MI00000335,20,Abitazioni civili,OTTIMO, ,4400,5500,L
NORD-OVEST,LOMBARDIA,MI,3015146,C1AA, ,F205,MILANO,D,D28,MI00000335,20,Abitazioni civili,NORMALE,P,3300,4300,L
NORD-OVEST,LOMBARDIA,MI,3015146,C1AA, ,F205,MILANO,D,D28,MI00000335,21,Abitazioni di tipo economico,NORMALE,P,3000,3400,L
NORD-OVEST,LOMBARDIA,MI,3015146,C1AA, ,F205,MILANO,D,D28,MI00000335,21,Abitazioni di tipo economico,OTTIMO, ,3500,4000,L
NORD-OVEST,LOMBARDIA,MI,3015146,C1AA, ,F205,MILANO,D,D28,MI00000335,13,Box,NORMALE,P,1800,2400,L
NORD-OVEST,LOMBARDIA,MI,3015146,C1AA, ,F205,MILANO,D,D28,MI00000335,1,Ville e Villini,NORMALE,P,3100,4000,L
NORD-OVEST,LOMBARDIA,MI,3015146,C1AA, ,F205,MILANO,D,D28,MI00000335,1,Ville e Villini,OTTIMO, ,4100,5100,L
NORD-OVEST,LOMBARDIA,MI,3015146,C1AA, ,F205,MILANO,D,D28,MI00000335,9,Magazzini,NORMALE,P,450,600,L
NORD-OVEST,LOMBARDIA,MI,3015146,C1AA, ,F205,MILANO,D,D28,MI00000335,5,Negozi,NORMALE,P,1050,1450,L
NORD-OVEST,LOMBARDIA,MI,3015146,C1AA, ,F205,MILANO,D,D28,MI00000335,6,Uffici,OTTIMO,P,1650,2700,L
NORD-OVEST,LOMBARDIA,MI,3015146,C1AA, ,F205,MILANO,D,D28,MI00000335,18,Uffici strutturati,OTTIMO,P,2300,3100,L
NORD-OVEST,LOMBARDIA,MI,3015146,C1AA, ,F205,MILANO,D,D28,MI00000335,8,Capannoni industriali,NORMALE,P,550,800,L
NORD-OVEST,LOMBARDIA,MI,3015146,C1AA, ,F205,MILANO,D,D28,MI00000335,10,Laboratori,NORMALE,P,600,900,L
NORD-OVEST,LOMBARDIA,MI,3015146,C1AA, ,F205,MILANO,D,D31,MI00004778,20,Abitazioni civili,OTTIMO, ,4400,5300,L
NORD-OVEST,LOMBARDIA,MI,3015146,C1AA, ,F205,MILANO,D,D31,MI00004778,20,Abitazioni civili,NORMALE,P,2800,4300,L
NORD-OVEST,LOMBARDIA,MI,3015146,C1AA, ,F205,MILANO,D,D31,MI00004778,21,Abitazioni di tipo economico,NORMALE,P,2000,2800,L
NORD-OVEST,LOMBARDIA,MI,3015146,C1AA, ,F205,MILANO,D,D31,MI00004778,21,Abitazioni di tipo economico,OTTIMO, ,2850,3600,L
NORD-OVEST,LOMBARDIA,MI,3015146,C1AA, ,F205,MILANO,D,D31,MI00004778,13,Box,NORMALE,P,1350,2150,L
NORD-OVEST,LOMBARDIA,MI,3015146,C1AA, ,F205,MILANO,D,D31,MI00004778,9,Magazzini,NORMALE,P,600,950,L
NORD-OVEST,LOMBARDIA,MI,3015146,C1AA, ,F205,MILANO,D,D31,MI00004778,5,Negozi,NORMALE,P,1600,2800,L
NORD-OVEST,LOMBARDIA,MI,3015146,C1AA, ,F205,MILANO,D,D31,MI00004778,6,Uffici,OTTIMO,P,1600,2600,L
NORD-OVEST,LOMBARDIA,MI,3015146,C1AA, ,F205,MILANO,D,D31,MI00004778,18,Uffici strutturati,OTTIMO,P,2200,3000,L
NORD-OVEST,LOMBARDIA,MI,3015146,C1AA, ,F205,MILANO,D,D31,MI00004778,8,Capannoni industriali,NORMALE,P,650,850,L
NORD-OVEST,LOMBARDIA,MI,3015146,C1AA, ,F205,MILANO,D,D31,MI00004778,10,Laboratori,NORMALE,P,700,1450,L
NORD-OVEST,LOMBARDIA,MI,3015146,C1AA, ,F205,MILANO,D,D32,MI00004779,20,Abitazioni civili,OTTIMO, ,3400,4900,L
NORD-OVEST,LOMBARDIA,MI,3015146,C1AA, ,F205,MILANO,D,D32,MI00004779,20,Abitazioni civili,NORMALE,P,2700,3300,L
NORD-OVEST,LOMBARDIA,MI,3015146,C1AA, ,F205,MILANO,D,D32,MI00004779,21,Abitazioni di tipo economico,NORMALE,P,1750,2600,L
NORD-OVEST,LOMBARDIA,MI,3015146,C1AA, ,F205,MILANO,D,D32,MI00004779,21,Abitazioni di tipo economico,OTTIMO, ,2650,3400,L
NORD-OVEST,LOMBARDIA,MI,3015146,C1AA, ,F205,MILANO,D,D32,MI00004779,13,Box,NORMALE,P,1200,2000,L
NORD-OVEST,LOMBARDIA,MI,3015146,C1AA, ,F205,MILANO,D,D32,MI00004779,1,Ville e Villini,NORMALE,P,1900,2950,L
NORD-OVEST,LOMBARDIA,MI,3015146,C1AA, ,F205,MILANO,D,D32,MI00004779,1,Ville e Villini,OTTIMO, ,3000,4300,L
NORD-OVEST,LOMBARDIA,MI,3015146,C1AA, ,F205,MILANO,D,D32,MI00004779,9,Magazzini,NORMALE,P,450,800,L
NORD-OVEST,LOMBARDIA,MI,3015146,C1AA, ,F205,MILANO,D,D32,MI00004779,5,Negozi,NORMALE,P,1450,2600,L
NORD-OVEST,LOMBARDIA,MI,3015146,C1AA, ,F205,MILANO,D,D32,MI00004779,6,Uffici,OTTIMO,P,1700,2400,L
NORD-OVEST,LOMBARDIA,MI,3015146,C1AA, ,F205,MILANO,D,D32,MI00004779,18,Uffici strutturati,OTTIMO,P,2200,2800,L
NORD-OVEST,LOMBARDIA,MI,3015146,C1AA, ,F205,MILANO,D,D32,MI00004779,8,Capannoni industriali,NORMALE,P,700,1100,L
NORD-OVEST,LOMBARDIA,MI,3015146,C1AA, ,F205,MILANO,D,D32,MI00004779,10,Laboratori,NORMALE,P,600,1200,L
NORD-OVEST,LOMBARDIA,MI,3015146,C1AA, ,F205,MILANO,D,D33,MI00004780,20,Abitazioni civili,OTTIMO, ,4000,4700,L
NORD-OVEST,LOMBARDIA,MI,3015146,C1AA, ,F205,MILANO,D,D33,MI00004780,20,Abitazioni civili,NORMALE,P,2900,3900,L
NORD-OVEST,LOMBARDIA,MI,3015146,C1AA, ,F205,MILANO,D,D33,MI00004780,21,Abitazioni di tipo economico,NORMALE,P,2200,2800,L
NORD-OVEST,LOMBARDIA,MI,3015146,C1AA, ,F205,MILANO,D,D33,MI00004780,21,Abitazioni di tipo economico,OTTIMO, ,2850,3700,L
NORD-OVEST,LOMBARDIA,MI,3015146,C1AA, ,F205,MILANO,D,D33,MI00004780,13,Box,NORMALE,P,1300,2000,L
NORD-OVEST,LOMBARDIA,MI,3015146,C1AA, ,F205,MILANO,D,D33,MI00004780,9,Magazzini,NORMALE,P,400,650,L
NORD-OVEST,LOMBARDIA,MI,3015146,C1AA, ,F205,MILANO,D,D33,MI00004780,5,Negozi,NORMALE,P,1500,2400,L
NORD-OVEST,LOMBARDIA,MI,3015146,C1AA, ,F205,MILANO,D,D33,MI00004780,6,Uffici,OTTIMO,P,1650,2300,L
NORD-OVEST,LOMBARDIA,MI,3015146,C1AA, ,F205,MILANO,D,D33,MI00004780,18,Uffici strutturati,OTTIMO,P,2100,2850,L
NORD-OVEST,LOMBARDIA,MI,3015146,C1AA, ,F205,MILANO,D,D33,MI00004780,8,Capannoni industriali,NORMALE,P,650,1000,L
NORD-OVEST,LOMBARDIA,MI,3015146,C1AA, ,F205,MILANO,D,D33,MI00004780,10,Laboratori,NORMALE,P,700,1300,L
NORD-OVEST,LOMBARDIA,MI,3015146,C1AA, ,F205,MILANO,D,D34,MI00004781,20,Abitazioni civili,OTTIMO, ,4300,4900,L
NORD-OVEST,LOMBARDIA,MI,3015146,C1AA, ,F205,MILANO,D,D34,MI00004781,20,Abitazioni civili,NORMALE,P,3300,4200,L
NORD-OVEST,LOMBARDIA,MI,3015146,C1AA, ,F205,MILANO,D,D34,MI00004781,21,Abitazioni di tipo economico,NORMALE,P,2900,3200,L
NORD-OVEST,LOMBARDIA,MI,3015146,C1AA, ,F205,MILANO,D,D34,MI00004781,21,Abitazioni di tipo economico,OTTIMO, ,3300,4300,L
NORD-OVEST,LOMBARDIA,MI,3015146,C1AA, ,F205,MILANO,D,D34,MI00004781,13,Box,NORMALE,P,1200,1800,L
NORD-OVEST,LOMBARDIA,MI,3015146,C1AA, ,F205,MILANO,D,D34,MI00004781,9,Magazzini,NORMALE,P,550,800,L
NORD-OVEST,LOMBARDIA,MI,3015146,C1AA, ,F205,MILANO,D,D34,MI00004781,5,Negozi,NORMALE,P,1150,1800,L
NORD-OVEST,LOMBARDIA,MI,3015146,C1AA, ,F205,MILANO,D,D34,MI00004781,6,Uffici,OTTIMO,P,1700,2200,L
NORD-OVEST,LOMBARDIA,MI,3015146,C1AA, ,F205,MILANO,D,D34,MI00004781,18,Uffici strutturati,OTTIMO,P,2300,3200,L
NORD-OVEST,LOMBARDIA,MI,3015146,C1AA, ,F205,MILANO,D,D34,MI00004781,8,Capannoni industriali,NORMALE,P,550,900,L
NORD-OVEST,LOMBARDIA,MI,3015146,C1AA, ,F205,MILANO,D,D34,MI00004781,10,Laboratori,NORMALE,P,650,1000,L
NORD-OVEST,LOMBARDIA,MI,3015146,C1AA, ,F205,MILANO,D,D35,MI00004782,20,Abitazioni civili,OTTIMO, ,4200,5700,L
NORD-OVEST,LOMBARDIA,MI,3015146,C1AA, ,F205,MILANO,D,D35,MI00004782,20,Abitazioni civili,NORMALE,P,2750,4100,L
NORD-OVEST,LOMBARDIA,MI,3015146,C1AA, ,F205,MILANO,D,D35,MI00004782,21,Abitazioni di tipo economico,NORMALE,P,2100,2800,L
NORD-OVEST,LOMBARDIA,MI,3015146,C1AA, ,F205,MILANO,D,D35,MI00004782,21,Abitazioni di tipo economico,OTTIMO, ,2900,3700,L
NORD-OVEST,LOMBARDIA,MI,3015146,C1AA, ,F205,MILANO,D,D35,MI00004782,13,Box,NORMALE,P,1400,2400,L
NORD-OVEST,LOMBARDIA,MI,3015146,C1AA, ,F205,MILANO,D,D35,MI00004782,9,Magazzini,NORMALE,P,600,800,L
NORD-OVEST,LOMBARDIA,MI,3015146,C1AA, ,F205,MILANO,D,D35,MI00004782,5,Negozi,NORMALE,P,1700,2500,L
NORD-OVEST,LOMBARDIA,MI,3015146,C1AA, ,F205,MILANO,D,D35,MI00004782,6,Uffici,OTTIMO,P,1850,2750,L
NORD-OVEST,LOMBARDIA,MI,3015146,C1AA, ,F205,MILANO,D,D35,MI00004782,18,Uffici strutturati,OTTIMO,P,2400,3300,L
NORD-OVEST,LOMBARDIA,MI,3015146,C1AA, ,F205,MILANO,D,D35,MI00004782,8,Capannoni industriali,NORMALE,P,650,1150,L
NORD-OVEST,LOMBARDIA,MI,3015146,C1AA, ,F205,MILANO,D,D35,MI00004782,10,Laboratori,NORMALE,P,800,1450,L
NORD-OVEST,LOMBARDIA,MI,3015146,C1AA, ,F205,MILANO,D,D36,MI00004783,20,Abitazioni civili,OTTIMO, ,4700,6800,L
NORD-OVEST,LOMBARDIA,MI,3015146,C1AA, ,F205,MILANO,D,D36,MI00004783,20,Abitazioni civili,NORMALE,P,3600,4600,L
NORD-OVEST,LOMBARDIA,MI,3015146,C1AA, ,F205,MILANO,D,D36,MI00004783,21,Abitazioni di tipo economico,NORMALE,P,2300,3400,L
NORD-OVEST,LOMBARDIA,MI,3015146,C1AA, ,F205,MILANO,D,D36,MI00004783,21,Abitazioni di tipo economico,OTTIMO, ,3500,4500,L
NORD-OVEST,LOMBARDIA,MI,3015146,C1AA, ,F205,MILANO,D,D36,MI00004783,13,Box,NORMALE,P,1700,2750,L
NORD-OVEST,LOMBARDIA,MI,3015146,C1AA, ,F205,MILANO,D,D36,MI00004783,9,Magazzini,NORMALE,P,450,850,L
NORD-OVEST,LOMBARDIA,MI,3015146,C1AA, ,F205,MILANO,D,D36,MI00004783,5,Negozi,NORMALE,P,1750,3500,L
NORD-OVEST,LOMBARDIA,MI,3015146,C1AA, ,F205,MILANO,D,D36,MI00004783,6,Uffici,OTTIMO,P,1800,3000,L
NORD-OVEST,LOMBARDIA,MI,3015146,C1AA, ,F205,MILANO,D,D36,MI00004783,18,Uffici strutturati,OTTIMO,P,2200,3400,L
NORD-OVEST,LOMBARDIA,MI,3015146,C1AA, ,F205,MILANO,D,D36,MI00004783,8,Capannoni industriali,NORMALE,P,750,1000,L
NORD-OVEST,LOMBARDIA,MI,3015146,C1AA, ,F205,MILANO,D,D36,MI00004783,10,Laboratori,NORMALE,P,850,1400,L
NORD-OVEST,LOMBARDIA,MI,3015146,C1AA, ,F205,MILANO,D,D37,MI00011747,20,Abitazioni civili,OTTIMO, ,3600,4800,L
NORD-OVEST,LOMBARDIA,MI,3015146,C1AA, ,F205,MILANO,D,D37,MI00011747,20,Abitazioni civili,NORMALE,P,2800,3500,L
NORD-OVEST,LOMBARDIA,MI,3015146,C1AA, ,F205,MILANO,D,D37,MI00011747,21,Abitazioni di tipo economico,OTTIMO, ,2750,3500,L
NORD-OVEST,LOMBARDIA,MI,3015146,C1AA, ,F205,MILANO,D,D37,MI00011747,21,Abitazioni di tipo economico,NORMALE,P,1900,2700,L
NORD-OVEST,LOMBARDIA,MI,3015146,C1AA, ,F205,MILANO,D,D37,MI00011747,13,Box,NORMALE,P,1350,2200,L
NORD-OVEST,LOMBARDIA,MI,3015146,C1AA, ,F205,MILANO,D,D37,MI00011747,9,Magazzini,NORMALE,P,500,800,L
NORD-OVEST,LOMBARDIA,MI,3015146,C1AA, ,F205,MILANO,D,D37,MI00011747,5,Negozi,NORMALE,P,1450,2000,L
NORD-OVEST,LOMBARDIA,MI,3015146,C1AA, ,F205,MILANO,D,D37,MI00011747,5,Negozi,OTTIMO, ,2100,2800,L
NORD-OVEST,LOMBARDIA,MI,3015146,C1AA, ,F205,MILANO,D,D37,MI00011747,6,Uffici,OTTIMO,P,1800,2800,L
NORD-OVEST,LOMBARDIA,MI,3015146,C1AA, ,F205,MILANO,D,D37,MI00011747,18,Uffici strutturati,OTTIMO,P,2000,3000,L
NORD-OVEST,LOMBARDIA,MI,3015146,C1AA, ,F205,MILANO,D,D37,MI00011747,8,Capannoni industriali,NORMALE,P,650,1000,L
NORD-OVEST,LOMBARDIA,MI,3015146,C1AA, ,F205,MILANO,D,D37,MI00011747,10,Laboratori,NORMALE,P,850,1200,L
NORD-OVEST,LOMBARDIA,MI,3015146,C1AA, ,F205,MILANO,D,D38,MI00011748,20,Abitazioni civili,OTTIMO, ,4100,4800,L
NORD-OVEST,LOMBARDIA,MI,3015146,C1AA, ,F205,MILANO,D,D38,MI00011748,20,Abitazioni civili,NORMALE,P,3200,4000,L
NORD-OVEST,LOMBARDIA,MI,3015146,C1AA, ,F205,MILANO,D,D38,MI00011748,21,Abitazioni di tipo economico,OTTIMO, ,2700,3500,L
NORD-OVEST,LOMBARDIA,MI,3015146,C1AA, ,F205,MILANO,D,D38,MI00011748,21,Abitazioni di tipo economico,NORMALE,P,2000,2650,L
NORD-OVEST,LOMBARDIA,MI,3015146,C1AA, ,F205,MILANO,D,D38,MI00011748,13,Box,NORMALE,P,1500,1950,L
NORD-OVEST,LOMBARDIA,MI,3015146,C1AA, ,F205,MILANO,D,D38,MI00011748,9,Magazzini,NORMALE,P,450,800,L
NORD-OVEST,LOMBARDIA,MI,3015146,C1AA, ,F205,MILANO,D,D38,MI00011748,5,Negozi,NORMALE,P,1600,2100,L
NORD-OVEST,LOMBARDIA,MI,3015146,C1AA, ,F205,MILANO,D,D38,MI00011748,5,Negozi,OTTIMO, ,2200,3200,L
NORD-OVEST,LOMBARDIA,MI,3015146,C1AA, ,F205,MILANO,D,D38,MI00011748,6,Uffici,OTTIMO,P,2000,3100,L
NORD-OVEST,LOMBARDIA,MI,3015146,C1AA, ,F205,MILANO,D,D38,MI00011748,18,Uffici strutturati,OTTIMO,P,2500,3400,L
NORD-OVEST,LOMBARDIA,MI,3015146,C1AA, ,F205,MILANO,D,D38,MI00011748,8,Capannoni industriali,NORMALE,P,650,1000,L
NORD-OVEST,LOMBARDIA,MI,3015146,C1AA, ,F205,MILANO,D,D38,MI00011748,10,Laboratori,NORMALE,P,800,1200,L
NORD-OVEST,LOMBARDIA,MI,3015146,C1AA, ,F205,MILANO,D,D39,MI00011750,20,Abitazioni civili,OTTIMO,P,3900,5700,L
NORD-OVEST,LOMBARDIA,MI,3015146,C1AA, ,F205,MILANO,D,D39,MI00011750,13,Box,NORMALE,P,1450,2200,L
NORD-OVEST,LOMBARDIA,MI,3015146,C1AA, ,F205,MILANO,D,D39,MI00011750,9,Magazzini,OTTIMO,P,700,1000,L
NORD-OVEST,LOMBARDIA,MI,3015146,C1AA, ,F205,MILANO,D,D39,MI00011750,5,Negozi,NORMALE,P,2600,4100,L
NORD-OVEST,LOMBARDIA,MI,3015146,C1AA, ,F205,MILANO,D,D39,MI00011750,6,Uffici,OTTIMO,P,1800,2800,L
NORD-OVEST,LOMBARDIA,MI,3015146,C1AA, ,F205,MILANO,D,D39,MI00011750,18,Uffici strutturati,OTTIMO,P,2500,3500,L
NORD-OVEST,LOMBARDIA,MI,3015146,C1AA, ,F205,MILANO,D,D39,MI00011750,8,Capannoni industriali,NORMALE,P,700,1050,L
NORD-OVEST,LOMBARDIA,MI,3015146,C1AA, ,F205,MILANO,D,D39,MI00011750,10,Laboratori,NORMALE,P,850,1300,L
NORD-OVEST,LOMBARDIA,MI,3015146,C1AA, ,F205,MILANO,D,D40,MI00011751,20,Abitazioni civili,OTTIMO, ,3600,5000,L
NORD-OVEST,LOMBARDIA,MI,3015146,C1AA, ,F205,MILANO,D,D40,MI00011751,20,Abitazioni civili,NORMALE,P,2750,3500,L
NORD-OVEST,LOMBARDIA,MI,3015146,C1AA, ,F205,MILANO,D,D40,MI00011751,21,Abitazioni di tipo economico,OTTIMO, ,2800,3600,L
NORD-OVEST,LOMBARDIA,MI,3015146,C1AA, ,F205,MILANO,D,D40,MI00011751,21,Abitazioni di tipo economico,NORMALE,P,2400,2750,L
NORD-OVEST,LOMBARDIA,MI,3015146,C1AA, ,F205,MILANO,D,D40,MI00011751,13,Box,NORMALE,P,1450,2300,L
NORD-OVEST,LOMBARDIA,MI,3015146,C1AA, ,F205,MILANO,D,D40,MI00011751,9,Magazzini,NORMALE,P,550,900,L
NORD-OVEST,LOMBARDIA,MI,3015146,C1AA, ,F205,MILANO,D,D40,MI00011751,5,Negozi,NORMALE,P,1400,2200,L
NORD-OVEST,LOMBARDIA,MI,3015146,C1AA, ,F205,MILANO,D,D40,MI00011751,5,Negozi,OTTIMO, ,2250,3600,L
NORD-OVEST,LOMBARDIA,MI,3015146,C1AA, ,F205,MILANO,D,D40,MI00011751,6,Uffici,OTTIMO,P,1800,2800,L
NORD-OVEST,LOMBARDIA,MI,3015146,C1AA, ,F205,MILANO,D,D40,MI00011751,18,Uffici strutturati,OTTIMO,P,2400,3500,L
NORD-OVEST,LOMBARDIA,MI,3015146,C1AA, ,F205,MILANO,D,D40,MI00011751,8,Capannoni industriali,NORMALE,P,650,1050,L
NORD-OVEST,LOMBARDIA,MI,3015146,C1AA, ,F205,MILANO,D,D40,MI00011751,10,Laboratori,NORMALE,P,800,1150,L
NORD-OVEST,LOMBARDIA,MI,3015146,C1AA, ,F205,MILANO,E,E5,MI00004784,20,Abitazioni civili,OTTIMO, ,3200,3500,L
NORD-OVEST,LOMBARDIA,MI,3015146,C1AA, ,F205,MILANO,E,E5,MI00004784,20,Abitazioni civili,NORMALE,P,2150,3100,L
NORD-OVEST,LOMBARDIA,MI,3015146,C1AA, ,F205,MILANO,E,E5,MI00004784,21,Abitazioni di tipo economico,NORMALE,P,1600,2400,L
NORD-OVEST,LOMBARDIA,MI,3015146,C1AA, ,F205,MILANO,E,E5,MI00004784,21,Abitazioni di tipo economico,OTTIMO, ,2450,2700,L
NORD-OVEST,LOMBARDIA,MI,3015146,C1AA, ,F205,MILANO,E,E5,MI00004784,13,Box,NORMALE,P,1000,1500,L
NORD-OVEST,LOMBARDIA,MI,3015146,C1AA, ,F205,MILANO,E,E5,MI00004784,1,Ville e Villini,NORMALE,P,1750,2400,L
NORD-OVEST,LOMBARDIA,MI,3015146,C1AA, ,F205,MILANO,E,E5,MI00004784,1,Ville e Villini,OTTIMO, ,2500,2800,L
NORD-OVEST,LOMBARDIA,MI,3015146,C1AA, ,F205,MILANO,E,E5,MI00004784,9,Magazzini,NORMALE,P,450,750,L
NORD-OVEST,LOMBARDIA,MI,3015146,C1AA, ,F205,MILANO,E,E5,MI00004784,5,Negozi,NORMALE,P,1100,1700,L
NORD-OVEST,LOMBARDIA,MI,3015146,C1AA, ,F205,MILANO,E,E5,MI00004784,6,Uffici,OTTIMO,P,1100,1650,L
NORD-OVEST,LOMBARDIA,MI,3015146,C1AA, ,F205,MILANO,E,E5,MI00004784,18,Uffici strutturati,OTTIMO,P,2000,2600,L
NORD-OVEST,LOMBARDIA,MI,3015146,C1AA, ,F205,MILANO,E,E5,MI00004784,8,Capannoni industriali,NORMALE,P,500,800,L
NORD-OVEST,LOMBARDIA,MI,3015146,C1AA, ,F205,MILANO,E,E5,MI00004784,10,Laboratori,NORMALE,P,550,700,L
NORD-OVEST,LOMBARDIA,MI,3015146,C1AA, ,F205,MILANO,E,E6,MI00004785,20,Abitazioni civili,OTTIMO, ,3500,4200,L
NORD-OVEST,LOMBARDIA,MI,3015146,C1AA, ,F205,MILANO,E,E6,MI00004785,20,Abitazioni civili,NORMALE,P,2600,3500,L
NORD-OVEST,LOMBARDIA,MI,3015146,C1AA, ,F205,MILANO,E,E6,MI00004785,21,Abitazioni di tipo economico,NORMALE,P,2100,2550,L
NORD-OVEST,LOMBARDIA,MI,3015146,C1AA, ,F205,MILANO,E,E6,MI00004785,21,Abitazioni di tipo economico,OTTIMO, ,2600,3200,L
NORD-OVEST,LOMBARDIA,MI,3015146,C1AA, ,F205,MILANO,E,E6,MI00004785,13,Box,NORMALE,P,1100,1700,L
NORD-OVEST,LOMBARDIA,MI,3015146,C1AA, ,F205,MILANO,E,E6,MI00004785,9,Magazzini,NORMALE,P,300,550,L
NORD-OVEST,LOMBARDIA,MI,3015146,C1AA, ,F205,MILANO,E,E6,MI00004785,5,Negozi,NORMALE,P,1200,2100,L
NORD-OVEST,LOMBARDIA,MI,3015146,C1AA, ,F205,MILANO,E,E6,MI00004785,6,Uffici,OTTIMO,P,1600,2200,L
NORD-OVEST,LOMBARDIA,MI,3015146,C1AA, ,F205,MILANO,E,E6,MI00004785,18,Uffici strutturati,OTTIMO,P,2100,2900,L
NORD-OVEST,LOMBARDIA,MI,3015146,C1AA, ,F205,MILANO,E,E6,MI00004785,8,Capannoni industriali,NORMALE,P,550,800,L
NORD-OVEST,LOMBARDIA,MI,3015146,C1AA, ,F205,MILANO,E,E6,MI00004785,10,Laboratori,NORMALE,P,700,950,L
NORD-OVEST,LOMBARDIA,MI,3015146,C1AA, ,F205,MILANO,E,E7,MI00004786,20,Abitazioni civili,OTTIMO, ,2700,3100,L
NORD-OVEST,LOMBARDIA,MI,3015146,C1AA, ,F205,MILANO,E,E7,MI00004786,20,Abitazioni civili,NORMALE,P,2200,2650,L
NORD-OVEST,LOMBARDIA,MI,3015146,C1AA, ,F205,MILANO,E,E7,MI00004786,21,Abitazioni di tipo economico,NORMALE,P,1900,2350,L
NORD-OVEST,LOMBARDIA,MI,3015146,C1AA, ,F205,MILANO,E,E7,MI00004786,21,Abitazioni di tipo economico,OTTIMO, ,2400,2700,L
NORD-OVEST,LOMBARDIA,MI,3015146,C1AA, ,F205,MILANO,E,E7,MI00004786,13,Box,NORMALE,P,1000,1550,L
NORD-OVEST,LOMBARDIA,MI,3015146,C1AA, ,F205,MILANO,E,E7,MI00004786,9,Magazzini,NORMALE,P,300,550,L
NORD-OVEST,LOMBARDIA,MI,3015146,C1AA, ,F205,MILANO,E,E7,MI00004786,5,Negozi,NORMALE,P,800,1500,L
NORD-OVEST,LOMBARDIA,MI,3015146,C1AA, ,F205,MILANO,E,E7,MI00004786,6,Uffici,OTTIMO,P,1550,2000,L
NORD-OVEST,LOMBARDIA,MI,3015146,C1AA, ,F205,MILANO,E,E7,MI00004786,18,Uffici strutturati,OTTIMO,P,2000,2650,L
NORD-OVEST,LOMBARDIA,MI,3015146,C1AA, ,F205,MILANO,E,E7,MI00004786,8,Capannoni industriali,NORMALE,P,600,850,L
NORD-OVEST,LOMBARDIA,MI,3015146,C1AA, ,F205,MILANO,E,E7,MI00004786,10,Laboratori,NORMALE,P,550,1000,L
NORD-OVEST,LOMBARDIA,MI,3015146,C1AA, ,F205,MILANO,E,E8,MI00004787,20,Abitazioni civili,OTTIMO, ,2750,3700,L
NORD-OVEST,LOMBARDIA,MI,3015146,C1AA, ,F205,MILANO,E,E8,MI00004787,20,Abitazioni civili,NORMALE,P,1850,2700,L
NORD-OVEST,LOMBARDIA,MI,3015146,C1AA, ,F205,MILANO,E,E8,MI00004787,21,Abitazioni di tipo economico,NORMALE,P,1700,2300,L
NORD-OVEST,LOMBARDIA,MI,3015146,C1AA, ,F205,MILANO,E,E8,MI00004787,21,Abitazioni di tipo economico,OTTIMO, ,2350,2700,L
NORD-OVEST,LOMBARDIA,MI,3015146,C1AA, ,F205,MILANO,E,E8,MI00004787,13,Box,NORMALE,P,1000,1550,L
NORD-OVEST,LOMBARDIA,MI,3015146,C1AA, ,F205,MILANO,E,E8,MI00004787,9,Magazzini,NORMALE,P,350,700,L
NORD-OVEST,LOMBARDIA,MI,3015146,C1AA, ,F205,MILANO,E,E8,MI00004787,5,Negozi,NORMALE,P,1100,2000,L
NORD-OVEST,LOMBARDIA,MI,3015146,C1AA, ,F205,MILANO,E,E8,MI00004787,6,Uffici,OTTIMO,P,1500,2100,L
NORD-OVEST,LOMBARDIA,MI,3015146,C1AA, ,F205,MILANO,E,E8,MI00004787,18,Uffici strutturati,OTTIMO,P,2100,2600,L
NORD-OVEST,LOMBARDIA,MI,3015146,C1AA, ,F205,MILANO,E,E8,MI00004787,8,Capannoni industriali,NORMALE,P,600,850,L
NORD-OVEST,LOMBARDIA,MI,3015146,C1AA, ,F205,MILANO,E,E8,MI00004787,10,Laboratori,NORMALE,P,650,1000,L
